{
  "patterns": ["\\blibjpeg\\b", "\\bjpeg\\b"],
  "dependencies": [
    {
      "packages": ["libjpeg-dev"],
      "constraints": [
        {
          "os": "linux",
          "distribution": "ubuntu"
        },
        {
          "os": "linux",
          "distribution": "debian"
        }
      ]
    },
    {
      "packages": ["libjpeg-turbo-devel"],
      "constraints": [
        {
          "os": "linux",
          "distribution": "centos"
        },
        {
          "os": "linux",
          "distribution": "rockylinux"
        },
        {
          "os": "linux",
          "distribution": "redhat"
        },
        {
          "os": "linux",
          "distribution": "fedora"
        }
      ]
    },
    {
      "packages": ["libjpeg8-devel"],
      "constraints": [
        {
          "os": "linux",
          "distribution": "opensuse"
        },
        {
          "os": "linux",
          "distribution": "sle"
        }
      ]
    },
    {
      "packages": [
        "mingw-w64-x86_64-libjpeg",
        "mingw-w64-i686-libjpeg"
      ],
      "constraints": [
        {
          "os": "windows"
        }
      ]
    }
  ]
}
