{
    "patterns": ["\\bpandoc-citeproc\\b"],
    "dependencies": [
      {
        "packages": ["pandoc-citeproc"],
        "constraints": [
          {
            "os": "linux",
            "distribution": "ubuntu"
          },
          {
            "os": "linux",
            "distribution": "debian",
            "versions": [ "10", "11" ]
          }
        ]
      },
      {
        "packages": ["pandoc-citeproc"],
        "pre_install": [
          {
            "command": "yum install -y epel-release"
          }
        ],
        "constraints": [
          {
            "os": "linux",
            "distribution": "centos",
            "versions": ["7"]
          }
        ]
      },
      {
        "packages": ["pandoc-citeproc"],
        "pre_install": [
          {
            "command": "rpm -q epel-release || yum install -y https://dl.fedoraproject.org/pub/epel/epel-release-latest-7.noarch.rpm"
          }
        ],
        "constraints": [
          {
            "os": "linux",
            "distribution": "redhat",
            "versions": ["7"]
          }
        ]
      }
    ]
  }
