{
  "patterns": [
    "\\bQuantLib\\b"
  ],
  "dependencies": [
    {
      "packages": [
        "libquantlib0-dev"
      ],
      "constraints": [
        {
          "os": "linux",
          "distribution": "ubuntu"
        },
        {
          "os": "linux",
          "distribution": "debian"
        }
      ]
    },
    {
      "packages": [
        "QuantLib-devel"
      ],
      "pre_install": [
        {
          "command": "rpm -q epel-release || yum install -y https://dl.fedoraproject.org/pub/epel/epel-release-latest-6.noarch.rpm"
        }
      ],
      "constraints": [
        {
          "os": "linux",
          "distribution": "redhat",
          "versions": ["6"]
        }
      ]
    },
    {
      "packages": [
        "QuantLib-devel"
      ],
      "pre_install": [
        {
          "command": "rpm -q epel-release || yum install -y https://dl.fedoraproject.org/pub/epel/epel-release-latest-7.noarch.rpm"
        }
      ],
      "constraints": [
        {
          "os": "linux",
          "distribution": "redhat",
          "versions": ["7"]
        }
      ]
    },
    {
      "packages": [
        "QuantLib-devel"
      ],
      "pre_install": [
        {
          "command": "yum install -y epel-release"
        }
      ],
      "constraints": [
        {
          "os": "linux",
          "distribution": "centos",
          "versions": ["6", "7"]
        }
      ]
    },
    {
      "packages": [
        "QuantLib-devel"
      ],
      "constraints": [
        {
          "os": "linux",
          "distribution": "fedora"
        }
      ]
    }
  ]
}
