{
  "patterns": ["\\bdcraw\\b"],
  "dependencies": [
    {
      "packages": ["dcraw"],
      "constraints": [
        {
          "os": "linux",
          "distribution": "ubuntu"
        },
        {
          "os": "linux",
          "distribution": "debian"
        }
      ]
    },
    {
      "packages": ["dcraw"],
      "constraints": [
        {
          "os": "linux",
          "distribution": "centos"
        },
        {
          "os": "linux",
          "distribution": "rockylinux"
        },
        {
          "os": "linux",
          "distribution": "redhat"
        },
        {
          "os": "linux",
          "distribution": "fedora"
        }
      ]
    },
    {
      "packages": ["dcraw"],
      "constraints": [
        {
          "os": "linux",
          "distribution": "opensuse"
        },
        {
          "os": "linux",
          "distribution": "sle",
          "versions": ["12.3"]
        }
      ]
    }
  ]
}
