{
  "patterns": ["\\bpostgresql\\b", "\\blibpq-dev\\b", "\\bpostgresql-devel\\b"],
  "dependencies": [
    {
      "packages": ["libpq-dev"],
      "constraints": [
        {
          "os": "linux",
          "distribution": "ubuntu"
        },
        {
          "os": "linux",
          "distribution": "debian"
        }
      ]
    },
    {
      "packages": ["postgresql-devel"],
      "constraints": [
        {
          "os": "linux",
          "distribution": "centos",
          "versions": ["6", "7"]
        },
        {
          "os": "linux",
          "distribution": "redhat",
          "versions": ["6", "7"]
        }
      ]
    },
    {
      "packages": ["libpq-devel"],
      "constraints": [
        {
          "os": "linux",
          "distribution": "centos",
          "versions": ["8"]
        },
        {
          "os": "linux",
          "distribution": "redhat",
          "versions": ["8", "9"]
        },
        {
          "os": "linux",
          "distribution": "rockylinux"
        },
        {
          "os": "linux",
          "distribution": "fedora"
        }
      ]
    },
    {
      "packages": ["postgresql-devel"],
      "constraints": [
        {
          "os": "linux",
          "distribution": "opensuse"
        }
      ]
    },
    {
      "packages": ["postgresql10-devel"],
      "constraints": [
        {
          "os": "linux",
          "distribution": "sle"
        }
      ]
    },
    {
      "packages": ["libpq-dev"],
      "constraints": [
        {
          "os": "linux",
          "distribution": "alpine"
        }
      ]
    },
    {
      "packages": [
        "mingw-w64-x86_64-libpq",
        "mingw-w64-i686-libpq"
      ],
      "constraints": [
        {
          "os": "windows"
        }
      ]
    }
  ]
}
