{
  "patterns": ["\\blibavfilter\\b"],
  "dependencies": [
    {
      "packages": ["libavfilter-dev"],
      "constraints": [
        {
          "os": "linux",
          "distribution": "ubuntu"
        },
        {
          "os": "linux",
          "distribution": "debian"
        }
      ]
    },
    {
      "packages": ["libavfilter-free-devel"],
      "constraints": [
        {
          "os": "linux",
          "distribution": "fedora"
        }
      ]
    },
    {
      "packages": ["libavfilter-free-devel"],
      "pre_install": [
        { "command": "dnf install -y dnf-plugins-core" },
        { "command": "dnf config-manager --set-enabled crb" },
        { "command": "dnf install -y epel-release" }
      ],
      "constraints": [
        {
          "os": "linux",
          "distribution": "rockylinux"
        }
      ]
    },
    {
      "packages": ["libavfilter-free-devel"],
      "pre_install": [
        { "command": "subscription-manager repos --enable codeready-builder-for-rhel-9-$(arch)-rpms" },
        { "command": "dnf install -y https://dl.fedoraproject.org/pub/epel/epel-release-latest-9.noarch.rpm" }
      ],
      "constraints": [
        {
          "os": "linux",
          "distribution": "redhat",
          "versions": ["9"]
        }
      ]
    },
    {
      "packages": ["ffmpeg-devel"],
      "pre_install": [
        { "command": "yum install -y epel-release" },
        { "command": "yum install -y --nogpgcheck https://mirrors.rpmfusion.org/free/el/rpmfusion-free-release-$(rpm -E %rhel).noarch.rpm https://mirrors.rpmfusion.org/nonfree/el/rpmfusion-nonfree-release-$(rpm -E %rhel).noarch.rpm" }
      ],
      "constraints": [
        {
          "os": "linux",
          "distribution": "centos",
          "versions": ["7"]
        }
      ]
    },
    {
      "packages": ["ffmpeg-devel"],
      "pre_install": [
        { "command": "rpm -q epel-release || yum install -y https://dl.fedoraproject.org/pub/epel/epel-release-latest-7.noarch.rpm" },
        { "command": "yum install -y --nogpgcheck https://mirrors.rpmfusion.org/free/el/rpmfusion-free-release-$(rpm -E %rhel).noarch.rpm https://mirrors.rpmfusion.org/nonfree/el/rpmfusion-nonfree-release-$(rpm -E %rhel).noarch.rpm" }
      ],
      "constraints": [
        {
          "os": "linux",
          "distribution": "redhat",
          "versions": ["7"]
        }
      ]
    },
    {
      "packages": ["ffmpeg-devel"],
      "pre_install": [
        { "command": "dnf install -y dnf-plugins-core" },
        { "command": "dnf config-manager --set-enabled powertools" },
        { "command": "dnf install -y epel-release" },
        { "command": "dnf install -y --nogpgcheck https://mirrors.rpmfusion.org/free/el/rpmfusion-free-release-$(rpm -E %rhel).noarch.rpm https://mirrors.rpmfusion.org/nonfree/el/rpmfusion-nonfree-release-$(rpm -E %rhel).noarch.rpm" }
      ],
      "constraints": [
        {
          "os": "linux",
          "distribution": "centos",
          "versions": ["8"]
        }
      ]
    },
    {
      "pre_install": [
        { "command": "subscription-manager repos --enable codeready-builder-for-rhel-8-x86_64-rpms" },
        { "command": "dnf install -y https://dl.fedoraproject.org/pub/epel/epel-release-latest-8.noarch.rpm" },
        { "command": "dnf install -y --nogpgcheck https://mirrors.rpmfusion.org/free/el/rpmfusion-free-release-$(rpm -E %rhel).noarch.rpm https://mirrors.rpmfusion.org/nonfree/el/rpmfusion-nonfree-release-$(rpm -E %rhel).noarch.rpm" }
      ],
      "packages": ["ffmpeg-devel"],
      "constraints": [
        {
          "os": "linux",
          "distribution": "redhat",
          "versions": ["8"]
        }
      ]
    },
    {
      "packages": ["ffmpeg-4-libavfilter-devel"],
      "constraints": [
        {
          "os": "linux",
          "distribution": "opensuse"
        },
        {
          "os": "linux",
          "distribution": "sle"
        }
      ]
    }
  ]
}
