{
  "patterns": ["\\bopenmpi\\b", "\\bmpi\\b"],
  "dependencies": [
    {
      "packages": ["libopenmpi-dev"],
      "constraints": [
        {
          "os": "linux",
          "distribution": "ubuntu"
        },
        {
          "os": "linux",
          "distribution": "debian"
        }
      ]
    },
    {
      "packages": ["openmpi-devel"],
      "constraints": [
        {
          "os": "linux",
          "distribution": "redhat",
          "versions": [ "7", "8", "9" ]
        },
        {
          "os": "linux",
          "distribution": "centos",
          "versions": [ "7", "8" ]
        },
        {
          "os": "linux",
          "distribution": "rockylinux"
        },
        {
          "os": "linux",
          "distribution": "fedora"
        }
      ]
    },
    {
      "packages": ["openmpi-1.10-devel"],
      "constraints": [
        {
          "os": "linux",
          "distribution": "redhat",
          "versions": [ "6" ]
        },
        {
          "os": "linux",
          "distribution": "centos",
          "versions": [ "6" ]
        }
      ]
    },
    {
      "packages": ["openmpi-devel"],
      "constraints": [
        {
          "os": "linux",
          "distribution": "opensuse"
        },
        {
          "os": "linux",
          "distribution": "sle"
        }
      ]
    }
  ]
}
