{
    "patterns": ["\\bhaveged\\b"],
    "dependencies": [
      {
        "packages": ["haveged"],
        "constraints": [
          {
            "os": "linux",
            "distribution": "ubuntu"
          },
          {
            "os": "linux",
            "distribution": "debian"
          }
        ]
      },
      {
        "packages": ["haveged-devel"],
        "constraints": [
          {
            "os": "linux",
            "distribution": "fedora"
          }
        ]
      },
      {
        "packages": ["haveged-devel"],
        "pre_install": [
          {
            "command": "yum install -y epel-release"
          }
        ],
        "constraints": [
          {
            "os": "linux",
            "distribution": "centos",
            "versions": ["6", "7"]
          }
        ]
      },
      {
        "packages": ["haveged-devel"],
        "pre_install": [
          {
            "command": "dnf install -y epel-release"
          }
        ],
        "constraints": [
          {
            "os": "linux",
            "distribution": "centos",
            "versions": ["8"]
          },
          {
            "os": "linux",
            "distribution": "rockylinux"
          }
        ]
      },
      {
        "packages": ["haveged-devel"],
        "pre_install": [
          {
            "command": "rpm -q epel-release || yum install -y https://dl.fedoraproject.org/pub/epel/epel-release-latest-6.noarch.rpm"
          }
        ],
        "constraints": [
          {
            "os": "linux",
            "distribution": "redhat",
            "versions": ["6"]
          }
        ]
      },
      {
        "packages": ["haveged-devel"],
        "pre_install": [
          {
            "command": "rpm -q epel-release || yum install -y https://dl.fedoraproject.org/pub/epel/epel-release-latest-7.noarch.rpm"
          }
        ],
        "constraints": [
          {
            "os": "linux",
            "distribution": "redhat",
            "versions": ["7"]
          }
        ]
      },
      {
        "packages": ["haveged-devel"],
        "pre_install": [
          {
            "command": "dnf install -y https://dl.fedoraproject.org/pub/epel/epel-release-latest-8.noarch.rpm"
          }
        ],
        "constraints": [
          {
            "os": "linux",
            "distribution": "redhat",
            "versions": ["8"]
          }
        ]
      },
      {
        "packages": ["haveged-devel"],
        "pre_install": [
          { "command": "dnf install -y https://dl.fedoraproject.org/pub/epel/epel-release-latest-9.noarch.rpm" }
        ],
        "constraints": [
          {
            "os": "linux",
            "distribution": "redhat",
            "versions": ["9"]
          }
        ]
      },
      {
        "packages": ["haveged"],
        "constraints": [
          {
            "os": "linux",
            "distribution": "opensuse"
          },
          {
            "os": "linux",
            "distribution": "sle"
          }
        ]
      }
    ]
  }
