{
  "patterns": ["\\blibsecret\\b"],
  "dependencies": [
    {
      "packages": ["libsecret-1-dev"],
      "constraints": [
        {
          "os": "linux",
          "distribution": "ubuntu"
        },
        {
          "os": "linux",
          "distribution": "debian"
        }
      ]
    },
    {
      "packages": ["libsecret-devel"],
      "constraints": [
        {
          "os": "linux",
          "distribution": "centos"
        },
        {
          "os": "linux",
          "distribution": "rockylinux"
        },
        {
          "os": "linux",
          "distribution": "redhat"
        },
        {
          "os": "linux",
          "distribution": "fedora"
        }
      ]
    },
    {
      "packages": ["libsecret-devel"],
      "constraints": [
        {
          "os": "linux",
          "distribution": "opensuse"
        },
        {
          "os": "linux",
          "distribution": "sle"
        }
      ]
    },
    {
      "packages": ["libsecret-dev"],
      "constraints": [
        {
          "os": "linux",
          "distribution": "alpine"
        }
      ]
    }
  ]
}
