{
    "patterns": ["\\bpython\\b"],
    "dependencies": [
      {
        "packages": ["python3"],
        "constraints": [
          {
            "os": "linux",
            "distribution": "ubuntu"
          },
          {
            "os": "linux",
            "distribution": "debian"
          }
        ]
      },
      {
        "packages": ["python"],
        "constraints": [
          {
            "os": "linux",
            "distribution": "centos",
            "versions": ["6", "7"]
          },
          {
            "os": "linux",
            "distribution": "redhat",
            "versions": ["6", "7"]
          }
        ]
      },
      {
        "packages": ["python2"],
        "constraints": [
          {
            "os": "linux",
            "distribution": "centos",
            "versions": ["8"]
          },
          {
            "os": "linux",
            "distribution": "redhat",
            "versions": ["8"]
          }
        ]
      },
      {
        "packages": ["python3"],
        "constraints": [
          {
            "os": "linux",
            "distribution": "rockylinux"
          },
          {
            "os": "linux",
            "distribution": "redhat",
            "versions": ["9"]
          },
          {
            "os": "linux",
            "distribution": "fedora"
          }
        ]
      },
      {
        "packages": ["python"],
        "constraints": [
          {
            "os": "linux",
            "distribution": "opensuse"
          },
          {
            "os": "linux",
            "distribution": "sle"
          }
        ]
      },
      {
        "packages": ["python3"],
        "constraints": [
          {
            "os": "linux",
            "distribution": "alpine"
          }
        ]
      }
    ]
  }
