{
  "patterns": ["\\bsasl\\b", "\\bcyrus sasl\\b"],
  "dependencies": [
    {
      "packages": ["libsasl2-dev"],
      "constraints": [
        {
          "os": "linux",
          "distribution": "ubuntu"
        },
        {
          "os": "linux",
          "distribution": "debian"
        }
      ]
    },
    {
      "packages": ["cyrus-sasl-devel"],
      "constraints": [
        {
          "os": "linux",
          "distribution": "centos"
        },
        {
          "os": "linux",
          "distribution": "rockylinux"
        },
        {
          "os": "linux",
          "distribution": "redhat"
        },
        {
          "os": "linux",
          "distribution": "fedora"
        }
      ]
    },
    {
      "packages": ["cyrus-sasl-devel"],
      "constraints": [
        {
          "os": "linux",
          "distribution": "opensuse"
        }
      ]
    },
    {
      "packages": ["cyrus-sasl-dev"],
      "constraints": [
        {
          "os": "linux",
          "distribution": "alpine"
        }
      ]
    }
  ]
}
