{
  "patterns": ["\\btesseract\\b"],
  "dependencies": [
    {
      "packages": ["libtesseract-dev", "tesseract-ocr-eng"],
      "constraints": [
        {
          "os": "linux",
          "distribution": "ubuntu"
        },
        {
          "os": "linux",
          "distribution": "debian"
        }
      ]
    },
    {
      "packages": ["tesseract-devel"],
      "constraints": [
        {
          "os": "linux",
          "distribution": "fedora"
        }
      ]
    },
    {
      "packages": ["tesseract-devel"],
      "pre_install": [
        {
          "command": "yum install -y epel-release"
        }
      ],
      "constraints": [
        {
          "os": "linux",
          "distribution": "centos",
          "versions": ["6", "7"]
        }
      ]
    },
    {
      "pre_install": [
        { "command": "dnf install -y dnf-plugins-core" },
        { "command": "dnf config-manager --set-enabled powertools" }
      ],
      "packages": ["tesseract-devel"],
      "constraints": [
        {
          "os": "linux",
          "distribution": "centos",
          "versions": ["8"]
        }
      ]
    },
    {
      "packages": ["tesseract-devel"],
      "pre_install": [
        { "command": "dnf install -y dnf-plugins-core" },
        { "command": "dnf config-manager --set-enabled crb" }
      ],
      "constraints": [
        {
          "os": "linux",
          "distribution": "rockylinux"
        }
      ]
    },
    {
      "packages": ["tesseract-devel"],
      "pre_install": [
        {
          "command": "rpm -q epel-release || yum install -y https://dl.fedoraproject.org/pub/epel/epel-release-latest-7.noarch.rpm"
        }
      ],
      "constraints": [
        {
          "os": "linux",
          "distribution": "redhat",
          "versions": ["7"]
        }
      ]
    },
    {
      "pre_install": [
        { "command": "subscription-manager repos --enable codeready-builder-for-rhel-8-$(arch)-rpms" }
      ],
      "packages": ["tesseract-devel"],
      "constraints": [
        {
          "os": "linux",
          "distribution": "redhat",
          "versions": ["8"]
        }
      ]
    },
    {
      "packages": ["tesseract-devel"],
      "pre_install": [
        { "command": "subscription-manager repos --enable codeready-builder-for-rhel-9-$(arch)-rpms" }
      ],
      "constraints": [
        {
          "os": "linux",
          "distribution": "redhat",
          "versions": ["9"]
        }
      ]
    },
    {
      "packages": ["tesseract-ocr-devel"],
      "constraints": [
        {
          "os": "linux",
          "distribution": "opensuse"
        }
      ]
    }
  ]
}
