{
  "patterns": ["\\batk\\b"],
  "dependencies": [
    {
      "packages": ["libatk1.0-dev"],
      "constraints": [
        {
          "os": "linux",
          "distribution": "ubuntu"
        },
        {
          "os": "linux",
          "distribution": "debian"
        }
      ]
    },
    {
      "packages": ["atk-devel"],
      "constraints": [
        {
          "os": "linux",
          "distribution": "centos"
        },
        {
          "os": "linux",
          "distribution": "rockylinux"
        },
        {
          "os": "linux",
          "distribution": "redhat"
        },
        {
          "os": "linux",
          "distribution": "fedora"
        }
      ]
    },
    {
      "packages": ["libatk-1_0-0"],
      "constraints": [
        {
          "os": "linux",
          "distribution": "opensuse",
          "versions": ["15.6"]
        },
        {
          "os": "linux",
          "distribution": "sle",
          "versions": ["15.6"]
        }
      ]
    },
    {
      "packages": ["atk-devel"],
      "constraints": [
        {
          "os": "linux",
          "distribution": "opensuse",
          "versions": ["15.3", "15.4", "15.5"]
        },
        {
          "os": "linux",
          "distribution": "sle",
          "versions": ["15.3", "15.4", "15.5"]
        }
      ]
    },
    {
      "packages": ["atk-dev"],
      "constraints": [
        {
          "os": "linux",
          "distribution": "alpine",
          "versions": [ "3.15", "3.16" ]
        }
      ]
    },
    {
      "packages": ["atkmm-dev"],
      "constraints": [
        {
          "os": "linux",
          "distribution": "alpine",
          "versions": [ "3.17", "3.18", "3.19", "3.20", "edge" ]
        }
      ]
    }
  ]
}
