{
  "patterns": ["\\bggobi\\b"],
  "dependencies": [
    {
      "packages": ["ggobi"],
      "constraints": [
        {
          "os": "linux",
          "distribution": "ubuntu"
        },
        {
          "os": "linux",
          "distribution": "debian"
        }
      ]
    },
    {
      "packages": ["ggobi-devel"],
      "pre_install": [
        {
          "command": "yum install -y epel-release"
        }
      ],
      "constraints": [
        {
          "os": "linux",
          "distribution": "centos",
          "versions": ["6"]
        }
      ]
    },
    {
      "packages": ["ggobi-devel"],
      "pre_install": [
        {
          "command": "rpm -q epel-release || yum install -y https://archives.fedoraproject.org/pub/archive/epel/6/x86_64/epel-release-6-8.noarch.rpm"
        }
      ],
      "constraints": [
        {
          "os": "linux",
          "distribution": "redhat",
          "versions": ["6"]
        }
      ]
    }
  ]
}