{
    "patterns": ["\\bgpgme\\b"],
    "dependencies": [
      {
        "packages": ["libgpgme11-dev"],
        "constraints": [
          {
            "os": "linux",
            "distribution": "ubuntu"
          },
          {
            "os": "linux",
            "distribution": "debian"
          }
        ]
      },
      {
        "packages": ["gpgme-devel"],
        "constraints": [
          {
            "os": "linux",
            "distribution": "centos",
            "versions": ["6", "7"]
          },
          {
            "os": "linux",
            "distribution": "fedora"
          }
        ]
      },
      {
        "packages": ["gpgme-devel"],
        "pre_install": [
          { "command": "dnf install -y dnf-plugins-core" },
          { "command": "dnf config-manager --set-enabled powertools" }
        ],
        "constraints": [
          {
            "os": "linux",
            "distribution": "centos",
            "versions": ["8"]
          }
        ]
      },
      {
        "packages": ["gpgme-devel"],
        "pre_install": [
          { "command": "dnf install -y dnf-plugins-core" },
          { "command": "dnf config-manager --set-enabled crb" }
        ],
        "constraints": [
          {
            "os": "linux",
            "distribution": "rockylinux"
          }
        ]
      },
      {
        "packages": ["gpgme"],
        "constraints": [
          {
            "os": "linux",
            "distribution": "redhat",
            "versions": ["7", "8"]
          }
        ]
      },
      {
        "packages": ["gpgme-devel"],
        "pre_install": [
          { "command": "subscription-manager repos --enable codeready-builder-for-rhel-9-$(arch)-rpms" }
        ],
        "constraints": [
          {
            "os": "linux",
            "distribution": "redhat",
            "versions": ["9"]
          }
        ]
      },
      {
        "packages": ["libgpgme-devel"],
        "constraints": [
          {
            "os": "linux",
            "distribution": "opensuse"
          },
          {
            "os": "linux",
            "distribution": "sle"
          }
        ]
      }
    ]
  }
