{
    "patterns": ["\\bperl\\b"],
    "dependencies": [
      {
        "packages": ["perl"],
        "constraints": [
          {
            "os": "linux",
            "distribution": "ubuntu"
          },
          {
            "os": "linux",
            "distribution": "debian"
          }
        ]
      },
      {
        "packages": ["perl"],
        "constraints": [
          {
            "os": "linux",
            "distribution": "centos"
          },
          {
            "os": "linux",
            "distribution": "rockylinux"
          },
          {
            "os": "linux",
            "distribution": "redhat"
          },
          {
            "os": "linux",
            "distribution": "fedora"
          }
        ]
      },
      {
        "packages": ["perl"],
        "constraints": [
          {
            "os": "linux",
            "distribution": "opensuse"
          },
          {
            "os": "linux",
            "distribution": "sle"
          }
        ]
      }
    ]
  }
