{
  "patterns": [
    "\\bfontconfig\\b"
  ],
  "dependencies": [
    {
      "packages": [
        "libfontconfig1-dev"
      ],
      "constraints": [
        {
          "os": "linux",
          "distribution": "ubuntu"
        },
        {
          "os": "linux",
          "distribution": "debian"
        }
      ]
    },
    {
      "packages": [
        "fontconfig-devel"
      ],
      "constraints": [
        {
          "os": "linux",
          "distribution": "centos"
        },
        {
          "os": "linux",
          "distribution": "rockylinux"
        },
        {
          "os": "linux",
          "distribution": "redhat"
        },
        {
          "os": "linux",
          "distribution": "fedora"
        },
        {
          "os": "linux",
          "distribution": "sle"
        },
        {
          "os": "linux",
          "distribution": "opensuse"
        }
      ]
    },
    {
      "packages": ["fontconfig-dev"],
      "constraints": [
        {
          "os": "linux",
          "distribution": "alpine"
        }
      ]
    }
  ]
}
