{
    "patterns": ["\\bpandoc-citeproc\\b"],
    "dependencies": [
      {
        "packages": ["pandoc-citeproc"],
        "constraints": [
          {
            "os": "linux",
            "distribution": "ubuntu",
            "versions": ["14.04", "16.04", "18.04", "20.04", "22.04"]
          },
          {
            "os": "linux",
            "distribution": "debian",
            "versions": [ "10", "11" ]
          }
        ]
      },
      {
        "packages": ["pandoc-citeproc"],
        "pre_install": [
          {
            "command": "yum install -y epel-release"
          }
        ],
        "constraints": [
          {
            "os": "linux",
            "distribution": "centos",
            "versions": ["7"]
          }
        ]
      },
      {
        "packages": ["pandoc-citeproc"],
        "pre_install": [
          {
            "command": "rpm -q epel-release || yum install -y https://archives.fedoraproject.org/pub/archive/epel/7/x86_64/Packages/e/epel-release-7-14.noarch.rpm"
          }
        ],
        "constraints": [
          {
            "os": "linux",
            "distribution": "redhat",
            "versions": ["7"]
          }
        ]
      }
    ]
  }
