{
  "patterns": ["\\bredland\\b", "\\blibrdf0\\b"],
  "dependencies": [
    {
      "packages": ["librdf0-dev"],
      "constraints": [
        {
          "os": "linux",
          "distribution": "ubuntu"
        },
        {
          "os": "linux",
          "distribution": "debian"
        }
      ]
    },
    {
      "packages": ["redland-devel"],
      "constraints": [
        {
          "os": "linux",
          "distribution": "centos",
          "versions": ["6", "7"]
        },
        {
          "os": "linux",
          "distribution": "fedora"
        }
      ]
    },
    {
      "packages": ["redland-devel"],
      "pre_install": [
        { "command": "dnf install -y dnf-plugins-core" },
        { "command": "dnf config-manager --set-enabled powertools" }
      ],
      "constraints": [
        {
          "os": "linux",
          "distribution": "centos",
          "versions": ["8"]
        }
      ]
    },
    {
      "packages": ["redland-devel"],
      "pre_install": [
        { "command": "dnf install -y dnf-plugins-core" },
        { "command": "dnf config-manager --set-enabled crb" }
      ],
      "constraints": [
        {
          "os": "linux",
          "distribution": "rockylinux"
        }
      ]
    },
    {
      "packages": ["redland"],
      "constraints": [
        {
          "os": "linux",
          "distribution": "redhat"
        }
      ]
    },
    {
      "packages": ["redland-devel"],
      "pre_install": [
        { "command": "subscription-manager repos --enable codeready-builder-for-rhel-9-$(arch)-rpms" }
      ],
      "constraints": [
        {
          "os": "linux",
          "distribution": "redhat",
          "versions": ["9"]
        }
      ]
    },
    {
      "packages": ["libredland-devel"],
      "constraints": [
        {
          "os": "linux",
          "distribution": "opensuse"
        },
        {
          "os": "linux",
          "distribution": "sle",
          "versions": ["12.3"]
        }
      ]
    },
    {
      "packages": ["redland-dev"],
      "constraints": [
        {
          "os": "linux",
          "distribution": "alpine"
        }
      ]
    },
    {
      "packages": [
        "mingw-w64-x86_64-redland",
        "mingw-w64-i686-redland"
      ],
      "constraints": [
        {
          "os": "windows"
        }
      ]
    }
  ]
}
