{
  "patterns": ["\\bflint\\b"],
  "dependencies": [
    {
      "packages": ["libflint-dev"],
      "constraints": [
        {
          "os": "linux",
          "distribution": "ubuntu"
        },
        {
          "os": "linux",
          "distribution": "debian"
        }
      ]
    },
    {
      "packages": ["flint-devel"],
      "constraints": [
        {
          "os": "linux",
          "distribution": "opensuse"
        },
        {
          "os": "linux",
          "distribution": "fedora"
        }
      ]
    }
  ]
}
