{
  "patterns": ["\\bfreetype\\b", "\\bfreetype2\\b"],
  "dependencies": [
    {
      "packages": ["libfreetype6-dev"],
      "constraints": [
        {
          "os": "linux",
          "distribution": "ubuntu"
        },
        {
          "os": "linux",
          "distribution": "debian"
        }
      ]
    },
    {
      "packages": ["freetype-devel"],
      "constraints": [
        {
          "os": "linux",
          "distribution": "centos"
        },
        {
          "os": "linux",
          "distribution": "rockylinux"
        },
        {
          "os": "linux",
          "distribution": "redhat"
        },
        {
          "os": "linux",
          "distribution": "fedora"
        }
      ]
    },
    {
      "packages": ["freetype2-devel"],
      "constraints": [
        {
          "os": "linux",
          "distribution": "opensuse"
        },
        {
          "os": "linux",
          "distribution": "sle"
        }
      ]
    },
    {
      "packages": ["freetype-dev"],
      "constraints": [
        {
          "os": "linux",
          "distribution": "alpine"
        }
      ]
    },
    {
      "packages": [
        "mingw-w64-x86_64-freetype",
        "mingw-w64-i686-freetype"
      ],
      "constraints": [
        {
          "os": "windows"
        }
      ]
    }
  ]
}
