{
    "patterns": ["\\bpython3\\b"],
    "dependencies": [
      {
        "packages": ["python3"],
        "constraints": [
          {
            "os": "linux",
            "distribution": "ubuntu"
          },
          {
            "os": "linux",
            "distribution": "debian"
          }
        ]
      },
      {
        "packages": ["python34"],
        "pre_install": [
          {
            "command": "yum install -y epel-release"
          }
        ],
        "constraints": [
          {
            "os": "linux",
            "distribution": "centos",
            "versions": ["6", "7"]
          }
        ]
      },
      {
        "packages": ["python36"],
        "constraints": [
          {
            "os": "linux",
            "distribution": "centos",
            "versions": ["8"]
          },
          {
            "os": "linux",
            "distribution": "redhat",
            "versions": ["8"]
          }
        ]
      },
      {
        "packages": ["python34"],
        "pre_install": [
          {
            "command": "rpm -q epel-release || yum install -y https://archives.fedoraproject.org/pub/archive/epel/6/x86_64/epel-release-6-8.noarch.rpm"
          }
        ],
        "constraints": [
          {
            "os": "linux",
            "distribution": "redhat",
            "versions": ["6"]
          }
        ]
      },
      {
        "packages": ["python34"],
        "pre_install": [
          {
            "command": "rpm -q epel-release || yum install -y https://archives.fedoraproject.org/pub/archive/epel/7/x86_64/Packages/e/epel-release-7-14.noarch.rpm"
          }
        ],
        "constraints": [
          {
            "os": "linux",
            "distribution": "redhat",
            "versions": ["7"]
          }
        ]
      },
      {
        "packages": ["python3"],
        "constraints": [
          {
            "os": "linux",
            "distribution": "rockylinux"
          },
          {
            "os": "linux",
            "distribution": "redhat",
            "versions": ["9"]
          },
          {
            "os": "linux",
            "distribution": "fedora"
          }
        ]
      },
      {
        "packages": ["python3"],
        "constraints": [
          {
            "os": "linux",
            "distribution": "opensuse"
          },
          {
            "os": "linux",
            "distribution": "sle"
          }
        ]
      },
      {
        "packages": ["python3"],
        "constraints": [
            {
              "os": "linux",
              "distribution": "alpine"
            }
          ]
      },
    {
      "packages": [
        "mingw-w64-x86_64-python3",
        "mingw-w64-i686-python3"
      ],
      "constraints": [
        {
          "os": "windows"
        }
      ]
    }
    ]
  }
