{
    "patterns": ["\\bblender\\b"],
    "dependencies": [
      {
        "packages": ["blender"],
        "constraints": [
          {
            "os": "linux",
            "distribution": "ubuntu"
          },
          {
            "os": "linux",
            "distribution": "debian"
          }
        ]
      },
      {
        "packages": ["blender"],
        "constraints": [
          {
            "os": "linux",
            "distribution": "fedora"
          }
        ]
      },
      {
        "packages": ["blender"],
        "constraints": [
          {
            "os": "linux",
            "distribution": "opensuse"
          },
          {
            "os": "linux",
            "distribution": "sle",
            "versions": [ "12.3", "15.0", "15.2" ]
          }
        ]
      },
      {
        "packages": ["blender"],
        "constraints": [
          {
            "os": "linux",
            "distribution": "alpine",
            "versions": [ "3.16", "3.17", "3.18", "3.19", "3.20", "edge" ]
          }
        ]
      }
    ]
  }
